{
    "keep": {
        "days": true,
        "amount": 14
    },
    "auditLog": "logs\\.5ae51baa75cdb475be0edd07aae8fc4ffe5704d7-audit.json",
    "files": [
        {
            "date": 1731664704671,
            "name": "logs\\2024-11-15-results.log",
            "hash": "6f6a1aa555aa7baf553c0d2d4c6f0893f1881dd109065867d788c723ce0e48a4"
        },
        {
            "date": 1731699745094,
            "name": "logs\\2024-11-16-results.log",
            "hash": "4c183f177d924c0f7e8835d0151a1bf6557cd3f6ea70ec8bd5493a9ed48efb5f"
        },
        {
            "date": 1731789085464,
            "name": "logs\\2024-11-17-results.log",
            "hash": "2909f8ac483a10049eb55971494d9c2fcd7f0a06025e1fd1fdd87c6ac0f7d288"
        },
        {
            "date": 1731912740018,
            "name": "logs\\2024-11-18-results.log",
            "hash": "04866700ffe1aa12e52589e9c790e765a81d959f2c29d95124940bed17642adc"
        },
        {
            "date": 1731956810403,
            "name": "logs\\2024-11-19-results.log",
            "hash": "ff138b7ef4d54f440391b7eb40276d533f49ca1936b005bdca996ce0f92296a3"
        },
        {
            "date": 1732089845472,
            "name": "logs\\2024-11-20-results.log",
            "hash": "51d522b7382ee75eca3c20922ef139f92e6b0ccb774eb10a554a0038dcb948f5"
        },
        {
            "date": 1732174526611,
            "name": "logs\\2024-11-21-results.log",
            "hash": "4123bce4d38aaf3dfcc445a32cc450dd0e1964b316856fd28d98f47e13cc0706"
        },
        {
            "date": 1732216472942,
            "name": "logs\\2024-11-22-results.log",
            "hash": "df522261bb81934d33bc28b0762cb6df0bf176bd997fc5091f271961cd30b485"
        },
        {
            "date": 1732397837235,
            "name": "logs\\2024-11-24-results.log",
            "hash": "2ae8ff1e44a878bef9bec7fd802b8648092195d23f7e91560e94a466e521b7b5"
        },
        {
            "date": 1732524699711,
            "name": "logs\\2024-11-25-results.log",
            "hash": "6fa5f5b0a2d2ec2195c14d2e682663b110acfe8e118efc041610e026194ada6d"
        },
        {
            "date": 1732607592501,
            "name": "logs\\2024-11-26-results.log",
            "hash": "85146b909d24fc291f10e6bc06bd05977bf7b594971673c617a667543de0d8c5"
        },
        {
            "date": 1732810248075,
            "name": "logs\\2024-11-28-results.log",
            "hash": "c07bbe50a81bab0eca8a678945b53d5c5dcf284a1e76727af699ce04dcd88523"
        },
        {
            "date": 1732820424829,
            "name": "logs\\2024-11-29-results.log",
            "hash": "56d56fc4f7a4eea695969a64050f63df8fbc29fa545a8e518638fc59da6d3129"
        }
    ],
    "hashType": "sha256"
}